-- Truncar BD

TRUNCATE TABLE EM_TIENE_TELS
TRUNCATE TABLE CL_TIENE_TELS
TRUNCATE TABLE TELS_EMP
TRUNCATE TABLE TELS_PROV
TRUNCATE TABLE TELS_CLI
TRUNCATE TABLE ASIG_IMPL
TRUNCATE TABLE ASIGNACION_C
TRUNCATE TABLE ACTUALIZACION
TRUNCATE TABLE
--Pruebas de concurrencia

BEGIN 
ASIGNAR_IMPLEMENTO(14, 1022982300, 1022982308, 2);
ASIGNAR_IMPLEMENTO(14, 1022982300, 1022982308, 2);
ASIGNAR_IMPLEMENTO(14, 1022982300, 1022982308, 2);
ASIGNAR_IMPLEMENTO(14, 1022982300, 1022982308, 2);
ASIGNAR_IMPLEMENTO(14, 1022982300, 1022982308, 2);
ASIGNAR_IMPLEMENTO(14, 1022982300, 1022982308, 2);
ASIGNAR_IMPLEMENTO(14, 1022982300, 1022982308, 2);
ASIGNAR_IMPLEMENTO(14, 1022982300, 1022982308, 2);
ASIGNAR_IMPLEMENTO(14, 1022982300, 1022982308, 2);
ASIGNAR_IMPLEMENTO(14, 1022982300, 1022982308, 2);
ASIGNAR_IMPLEMENTO(14, 1022982300, 1022982308, 2);
ASIGNAR_IMPLEMENTO(14, 1022982300, 1022982308, 2);
ASIGNAR_IMPLEMENTO(14, 1022982300, 1022982308, 2);
ASIGNAR_IMPLEMENTO(14, 1022982300, 1022982308, 2);
ASIGNAR_IMPLEMENTO(14, 1022982300, 1022982308, 2);
ASIGNAR_IMPLEMENTO(14, 1022982300, 1022982308, 2);
ASIGNAR_IMPLEMENTO(14, 1022982300, 1022982308, 2);
ASIGNAR_IMPLEMENTO(14, 1022982300, 1022982308, 2);
ASIGNAR_IMPLEMENTO(14, 1022982300, 1022982308, 2);
ASIGNAR_IMPLEMENTO(14, 1022982300, 1022982308, 2);
ASIGNAR_IMPLEMENTO(14, 1022982300, 1022982308, 2);
ASIGNAR_IMPLEMENTO(14, 1022982300, 1022982308, 2);
ASIGNAR_IMPLEMENTO(14, 1022982300, 1022982308, 2);
ASIGNAR_IMPLEMENTO(14, 1022982300, 1022982308, 2);
ASIGNAR_IMPLEMENTO(14, 1022982300, 1022982308, 2);
ASIGNAR_IMPLEMENTO(14, 1022982300, 1022982308, 2);
ASIGNAR_IMPLEMENTO(14, 1022982300, 1022982308, 2);
ASIGNAR_IMPLEMENTO(14, 1022982300, 1022982308, 2);
ASIGNAR_IMPLEMENTO(14, 1022982300, 1022982308, 2);
ASIGNAR_IMPLEMENTO(14, 1022982300, 1022982308, 2);
ASIGNAR_IMPLEMENTO(14, 1022982300, 1022982308, 2);
ASIGNAR_IMPLEMENTO(14, 1022982300, 1022982308, 2);
ASIGNAR_IMPLEMENTO(14, 1022982300, 1022982308, 2);
ASIGNAR_IMPLEMENTO(14, 1022982300, 1022982308, 2);
ASIGNAR_IMPLEMENTO(14, 1022982300, 1022982308, 2);
ASIGNAR_IMPLEMENTO(14, 1022982300, 1022982308, 2);
ASIGNAR_IMPLEMENTO(14, 1022982300, 1022982308, 2);
ASIGNAR_IMPLEMENTO(14, 1022982300, 1022982308, 2);
ASIGNAR_IMPLEMENTO(14, 1022982300, 1022982308, 2);
ASIGNAR_IMPLEMENTO(14, 1022982300, 1022982308, 2);
ASIGNAR_IMPLEMENTO(14, 1022982300, 1022982308, 2);
ASIGNAR_IMPLEMENTO(14, 1022982300, 1022982308, 2);
ASIGNAR_IMPLEMENTO(14, 1022982300, 1022982308, 2);
ASIGNAR_IMPLEMENTO(14, 1022982300, 1022982308, 2);
ASIGNAR_IMPLEMENTO(14, 1022982300, 1022982308, 2);
ASIGNAR_IMPLEMENTO(14, 1022982300, 1022982308, 2);
ASIGNAR_IMPLEMENTO(14, 1022982300, 1022982308, 2);
ASIGNAR_IMPLEMENTO(14, 1022982300, 1022982308, 2);
ASIGNAR_IMPLEMENTO(14, 1022982300, 1022982308, 2);
ASIGNAR_IMPLEMENTO(14, 1022982300, 1022982308, 2);
ASIGNAR_IMPLEMENTO(14, 1022982300, 1022982308, 2);
ASIGNAR_IMPLEMENTO(14, 1022982300, 1022982308, 2);
ASIGNAR_IMPLEMENTO(14, 1022982300, 1022982308, 2);
ASIGNAR_IMPLEMENTO(14, 1022982300, 1022982308, 2);
ASIGNAR_IMPLEMENTO(14, 1022982300, 1022982308, 2);
ASIGNAR_IMPLEMENTO(14, 1022982300, 1022982308, 2);
ASIGNAR_IMPLEMENTO(14, 1022982300, 1022982308, 2);
ASIGNAR_IMPLEMENTO(14, 1022982300, 1022982308, 2);
ASIGNAR_IMPLEMENTO(14, 1022982300, 1022982308, 2);
ASIGNAR_IMPLEMENTO(14, 1022982300, 1022982308, 2);
ASIGNAR_IMPLEMENTO(14, 1022982300, 1022982308, 2);
ASIGNAR_IMPLEMENTO(14, 1022982300, 1022982308, 2);
ASIGNAR_IMPLEMENTO(14, 1022982300, 1022982308, 2);
ASIGNAR_IMPLEMENTO(14, 1022982300, 1022982308, 2);
ASIGNAR_IMPLEMENTO(14, 1022982300, 1022982308, 2);
ASIGNAR_IMPLEMENTO(14, 1022982300, 1022982308, 2);
ASIGNAR_IMPLEMENTO(14, 1022982300, 1022982308, 2);
ASIGNAR_IMPLEMENTO(14, 1022982300, 1022982308, 2);
ASIGNAR_IMPLEMENTO(14, 1022982300, 1022982308, 2);
ASIGNAR_IMPLEMENTO(14, 1022982300, 1022982308, 2);
ASIGNAR_IMPLEMENTO(14, 1022982300, 1022982308, 2);
ASIGNAR_IMPLEMENTO(14, 1022982300, 1022982308, 2);
ASIGNAR_IMPLEMENTO(14, 1022982300, 1022982308, 2);
ASIGNAR_IMPLEMENTO(14, 1022982300, 1022982308, 2);
ASIGNAR_IMPLEMENTO(14, 1022982300, 1022982308, 2);
ASIGNAR_IMPLEMENTO(14, 1022982300, 1022982308, 2);
ASIGNAR_IMPLEMENTO(14, 1022982300, 1022982308, 2);
ASIGNAR_IMPLEMENTO(14, 1022982300, 1022982308, 2);
ASIGNAR_IMPLEMENTO(14, 1022982300, 1022982308, 2);
ASIGNAR_IMPLEMENTO(14, 1022982300, 1022982308, 2);
END;

BEGIN 
DESPOJAR_IMPLEMENTO(14, 1022982300, 1022982308, 2);
DESPOJAR_IMPLEMENTO(14, 1022982300, 1022982308, 2);
DESPOJAR_IMPLEMENTO(14, 1022982300, 1022982308, 2);
DESPOJAR_IMPLEMENTO(14, 1022982300, 1022982308, 2);
DESPOJAR_IMPLEMENTO(14, 1022982300, 1022982308, 2);
DESPOJAR_IMPLEMENTO(14, 1022982300, 1022982308, 2);
DESPOJAR_IMPLEMENTO(14, 1022982300, 1022982308, 2);
DESPOJAR_IMPLEMENTO(14, 1022982300, 1022982308, 2);
DESPOJAR_IMPLEMENTO(14, 1022982300, 1022982308, 2);
DESPOJAR_IMPLEMENTO(14, 1022982300, 1022982308, 2);
DESPOJAR_IMPLEMENTO(14, 1022982300, 1022982308, 2);
DESPOJAR_IMPLEMENTO(14, 1022982300, 1022982308, 2);
DESPOJAR_IMPLEMENTO(14, 1022982300, 1022982308, 2);
DESPOJAR_IMPLEMENTO(14, 1022982300, 1022982308, 2);
DESPOJAR_IMPLEMENTO(14, 1022982300, 1022982308, 2);
DESPOJAR_IMPLEMENTO(14, 1022982300, 1022982308, 2);
DESPOJAR_IMPLEMENTO(14, 1022982300, 1022982308, 2);
DESPOJAR_IMPLEMENTO(14, 1022982300, 1022982308, 2);
DESPOJAR_IMPLEMENTO(14, 1022982300, 1022982308, 2);
DESPOJAR_IMPLEMENTO(14, 1022982300, 1022982308, 2);
DESPOJAR_IMPLEMENTO(14, 1022982300, 1022982308, 2);
DESPOJAR_IMPLEMENTO(14, 1022982300, 1022982308, 2);
DESPOJAR_IMPLEMENTO(14, 1022982300, 1022982308, 2);
DESPOJAR_IMPLEMENTO(14, 1022982300, 1022982308, 2);
DESPOJAR_IMPLEMENTO(14, 1022982300, 1022982308, 2);
DESPOJAR_IMPLEMENTO(14, 1022982300, 1022982308, 2);
DESPOJAR_IMPLEMENTO(14, 1022982300, 1022982308, 2);
DESPOJAR_IMPLEMENTO(14, 1022982300, 1022982308, 2);
DESPOJAR_IMPLEMENTO(14, 1022982300, 1022982308, 2);
DESPOJAR_IMPLEMENTO(14, 1022982300, 1022982308, 2);
DESPOJAR_IMPLEMENTO(14, 1022982300, 1022982308, 2);
DESPOJAR_IMPLEMENTO(14, 1022982300, 1022982308, 2);
DESPOJAR_IMPLEMENTO(14, 1022982300, 1022982308, 2);
DESPOJAR_IMPLEMENTO(14, 1022982300, 1022982308, 2);
DESPOJAR_IMPLEMENTO(14, 1022982300, 1022982308, 2);
DESPOJAR_IMPLEMENTO(14, 1022982300, 1022982308, 2);
DESPOJAR_IMPLEMENTO(14, 1022982300, 1022982308, 2);
DESPOJAR_IMPLEMENTO(14, 1022982300, 1022982308, 2);
DESPOJAR_IMPLEMENTO(14, 1022982300, 1022982308, 2);
DESPOJAR_IMPLEMENTO(14, 1022982300, 1022982308, 2);
DESPOJAR_IMPLEMENTO(14, 1022982300, 1022982308, 2);
DESPOJAR_IMPLEMENTO(14, 1022982300, 1022982308, 2);
DESPOJAR_IMPLEMENTO(14, 1022982300, 1022982308, 2);
DESPOJAR_IMPLEMENTO(14, 1022982300, 1022982308, 2);
DESPOJAR_IMPLEMENTO(14, 1022982300, 1022982308, 2);
DESPOJAR_IMPLEMENTO(14, 1022982300, 1022982308, 2);
DESPOJAR_IMPLEMENTO(14, 1022982300, 1022982308, 2);
DESPOJAR_IMPLEMENTO(14, 1022982300, 1022982308, 2);
DESPOJAR_IMPLEMENTO(14, 1022982300, 1022982308, 2);
DESPOJAR_IMPLEMENTO(14, 1022982300, 1022982308, 2);
DESPOJAR_IMPLEMENTO(14, 1022982300, 1022982308, 2);
DESPOJAR_IMPLEMENTO(14, 1022982300, 1022982308, 2);
DESPOJAR_IMPLEMENTO(14, 1022982300, 1022982308, 2);
DESPOJAR_IMPLEMENTO(14, 1022982300, 1022982308, 2);
DESPOJAR_IMPLEMENTO(14, 1022982300, 1022982308, 2);
DESPOJAR_IMPLEMENTO(14, 1022982300, 1022982308, 2);
DESPOJAR_IMPLEMENTO(14, 1022982300, 1022982308, 2);
DESPOJAR_IMPLEMENTO(14, 1022982300, 1022982308, 2);
DESPOJAR_IMPLEMENTO(14, 1022982300, 1022982308, 2);
DESPOJAR_IMPLEMENTO(14, 1022982300, 1022982308, 2);
DESPOJAR_IMPLEMENTO(14, 1022982300, 1022982308, 2);
DESPOJAR_IMPLEMENTO(14, 1022982300, 1022982308, 2);
DESPOJAR_IMPLEMENTO(14, 1022982300, 1022982308, 2);
DESPOJAR_IMPLEMENTO(14, 1022982300, 1022982308, 2);
DESPOJAR_IMPLEMENTO(14, 1022982300, 1022982308, 2);
DESPOJAR_IMPLEMENTO(14, 1022982300, 1022982308, 2);
DESPOJAR_IMPLEMENTO(14, 1022982300, 1022982308, 2);
DESPOJAR_IMPLEMENTO(14, 1022982300, 1022982308, 2);
DESPOJAR_IMPLEMENTO(14, 1022982300, 1022982308, 2);
DESPOJAR_IMPLEMENTO(14, 1022982300, 1022982308, 2);
DESPOJAR_IMPLEMENTO(14, 1022982300, 1022982308, 2);
DESPOJAR_IMPLEMENTO(14, 1022982300, 1022982308, 2);
DESPOJAR_IMPLEMENTO(14, 1022982300, 1022982308, 2);
DESPOJAR_IMPLEMENTO(14, 1022982300, 1022982308, 2);
DESPOJAR_IMPLEMENTO(14, 1022982300, 1022982308, 2);
DESPOJAR_IMPLEMENTO(14, 1022982300, 1022982308, 2);
DESPOJAR_IMPLEMENTO(14, 1022982300, 1022982308, 2);
DESPOJAR_IMPLEMENTO(14, 1022982300, 1022982308, 2);
DESPOJAR_IMPLEMENTO(14, 1022982300, 1022982308, 2);
DESPOJAR_IMPLEMENTO(14, 1022982300, 1022982308, 2);
END;

--Consultas y ordenes de apoyo

UPDATE IMPL_SEGURIDAD SET CANTIDAD = 500 WHERE ID_IMPLEMENTO = 14
TRUNCATE TABLE ASIG_IMPL
SELECT * FROM IMPL_SEGURIDAD
SELECT * FROM ASIG_IMPL
SELECT * FROM EMP_PLANTA
SELECT * FROM EMP_TEMP
SELECT * FROM COORD_CONTRATO
SELECT * FROM COORD_T_Y_T
DELETE PROCEDURE ASIGNAR_IMPLEMENTO
SELECT * FROM EMPLEADOS

--Pruebas de datos para la tabla EMPLEADOS y toda su HERENCIA

INSERT INTO EMPLEADOS VALUES (1022982300, NULL, 'Jeisson David', 'Rozo Bautista', 's02257974', 'A1', '05-06-2013');
INSERT INTO EMPLEADOS VALUES (1022982301, NULL, 'Jeisson David', 'Rozo Bautista', 's02257974', 'A2', '05-06-2013');
INSERT INTO EMPLEADOS VALUES (1022982302, NULL, 'Jeisson David', 'Rozo Bautista', 's02257974', 'A3', '05-06-2013');
INSERT INTO EMPLEADOS VALUES (1022982303, NULL, 'Jeisson David', 'Rozo Bautista', 's02257974', 'A4', '05-06-2013');
INSERT INTO EMPLEADOS VALUES (1022982304, NULL, 'Jeisson David', 'Rozo Bautista', 's02257974', 'A5', '05-06-2013');
INSERT INTO EMPLEADOS VALUES (1022982305, NULL, 'Jeisson David', 'Rozo Bautista', 's02257974', 'A6', '05-06-2013');
INSERT INTO EMPLEADOS VALUES (1022982306, NULL, 'Jeisson David', 'Rozo Bautista', 's02257974', 'A7', '05-06-2013');
INSERT INTO EMPLEADOS VALUES (1022982307, NULL, 'Jeisson David', 'Rozo Bautista', 's02257974', 'A8', '05-06-2013');
INSERT INTO EMPLEADOS VALUES (1022982308, NULL, 'Jeisson David', 'Rozo Bautista', 's02257974', 'A9', '05-06-2013');
INSERT INTO EMPLEADOS VALUES (1022982309, NULL, 'Jeisson David', 'Rozo Bautista', 's02257974', 'A0', '05-06-2013')

INSERT INTO EMP_PLANTA VALUES (1022982301, 20000000.02);
INSERT INTO EMP_PLANTA VALUES (1022982302, 20000000.02);
INSERT INTO EMP_PLANTA VALUES (1022982303, 20000000.02);
INSERT INTO EMP_PLANTA VALUES (1022982304, 20000000.02);
INSERT INTO EMP_PLANTA VALUES (1022982305, 20000000.02);
INSERT INTO EMP_PLANTA VALUES (1022982306, 20000000.02);
INSERT INTO EMP_PLANTA VALUES (1022982307, 20000000.02);
INSERT INTO EMP_PLANTA VALUES (1022982308, 20000000.02);
INSERT INTO EMP_PLANTA VALUES (1022982309, 20000000.02)

INSERT INTO EMP_TEMP VALUES (1022982300, NULL, 0, 'VIGILANTE');
INSERT INTO EMP_TEMP VALUES (1022982301, NULL, 0, 'ESCOLTA');
INSERT INTO EMP_TEMP VALUES (1022982302, NULL, 0, 'VIGILANTE');
INSERT INTO EMP_TEMP VALUES (1022982303, NULL, 0, 'ESCOLTA')



INSERT INTO COORD_CONTRATO VALUES (1022982304);
INSERT INTO DIR_COMERCIAL VALUES (1022982305);
INSERT INTO DIR_GESTION_HUM VALUES (1022982306);
INSERT INTO SUBGERENTE VALUES (1022982307);
INSERT INTO COORD_T_Y_T VALUES (1022982308);
INSERT INTO DIR_OPERACIONES VALUES (1022982309)

SELECT * FROM EMPLEADOS
SELECT * FROM EMP_PLANTA
SELECT * FROM EMP_TEMP
SELECT * FROM COORD_CONTRATO
SELECT * FROM DIR_COMERCIAL
SELECT * FROM DIR_GESTION_HUM
SELECT * FROM SUBGERENTE
SELECT * FROM COORD_T_Y_T
SELECT * FROM DIR_OPERACIONES

--Prueba de datos para los CLIENTE

INSERT INTO CLIENTE (CEDULAE, NOMBRECL, DIRECCIONCL, FECHA_REG_CL) VALUES (1022982305, 'Jeisson David', 'CLL 101', '05-06-2013');
INSERT INTO CLIENTE (CEDULAE, NOMBRECL, DIRECCIONCL, FECHA_REG_CL) VALUES (1022982305, 'Jeisson David', 'CLL 102', '05-06-2013');
INSERT INTO CLIENTE (CEDULAE, NOMBRECL, DIRECCIONCL, FECHA_REG_CL) VALUES (1022982305, 'Jeisson David', 'CLL 103', '05-06-2013');
INSERT INTO CLIENTE (CEDULAE, NOMBRECL, DIRECCIONCL, FECHA_REG_CL) VALUES (1022982305, 'Jeisson David', 'CLL 104', '05-06-2013');
INSERT INTO CLIENTE (CEDULAE, NOMBRECL, DIRECCIONCL, FECHA_REG_CL) VALUES (1022982305, 'Jeisson David', 'CLL 105', '05-06-2013');
INSERT INTO CLIENTE (CEDULAE, NOMBRECL, DIRECCIONCL, FECHA_REG_CL) VALUES (1022982305, 'Jeisson David', 'CLL 106', '05-06-2013');
INSERT INTO CLIENTE (CEDULAE, NOMBRECL, DIRECCIONCL, FECHA_REG_CL) VALUES (1022982305, 'Jeisson David', 'CLL 107', '05-06-2013');
INSERT INTO CLIENTE (CEDULAE, NOMBRECL, DIRECCIONCL, FECHA_REG_CL) VALUES (1022982305, 'Jeisson David', 'CLL 108', '05-06-2013');
INSERT INTO CLIENTE (CEDULAE, NOMBRECL, DIRECCIONCL, FECHA_REG_CL) VALUES (1022982305, 'Jeisson David', 'CLL 109', '05-06-2013');
INSERT INTO CLIENTE (CEDULAE, NOMBRECL, DIRECCIONCL, FECHA_REG_CL) VALUES (1022982305, 'Jeisson David', 'CLL 100', '05-06-2013')

SELECT * FROM CLIENTE

--Prueba de datos para los PROVEEDOR

INSERT INTO PROVEEDOR VALUES (1, 1022982308, 'Jeisson David1', 'CLL 101', '05-06-2013');
INSERT INTO PROVEEDOR VALUES (2, 1022982308, 'Jeisson David2', 'CLL 102', '05-06-2013');
INSERT INTO PROVEEDOR VALUES (3, 1022982308, 'Jeisson David3', 'CLL 103', '05-06-2013');
INSERT INTO PROVEEDOR VALUES (4, 1022982308, 'Jeisson David4', 'CLL 104', '05-06-2013');
INSERT INTO PROVEEDOR VALUES (5, 1022982308, 'Jeisson David5', 'CLL 105', '05-06-2013');
INSERT INTO PROVEEDOR VALUES (6, 1022982308, 'Jeisson David6', 'CLL 106', '05-06-2013');
INSERT INTO PROVEEDOR VALUES (7, 1022982308, 'Jeisson David7', 'CLL 107', '05-06-2013');
INSERT INTO PROVEEDOR VALUES (456465, 1234564566, 'Jeisson David8', 'CLL 108', '05-06-2013');
INSERT INTO PROVEEDOR VALUES (9, 1022982308, 'Jeisson David9', 'CLL 109', '05-06-2013');
INSERT INTO PROVEEDOR VALUES (0, 1022982308, 'Jeisson David0', 'CLL 100', '05-06-2013')

SELECT * FROM PROVEEDOR

--Prueba de datos para los directorios

--Directorio EMPLEADOS

INSERT INTO TELS_EMP VALUES (1, 3115255343);
INSERT INTO TELS_EMP VALUES (2, 3143939292);
INSERT INTO TELS_EMP VALUES (3, 3204586896)

INSERT INTO EM_TIENE_TELS VALUES (1, 1022982300);
INSERT INTO EM_TIENE_TELS VALUES (2, 1022982300);
INSERT INTO EM_TIENE_TELS VALUES (2, 1022982301);
INSERT INTO EM_TIENE_TELS VALUES (3, 1022982301)

SELECT * FROM TELS_EMP
SELECT * FROM EM_TIENE_TELS

--Directorio CLIENTE

INSERT INTO TELS_CLI VALUES (1, 3115255343);
INSERT INTO TELS_CLI VALUES (2, 3143939292);
INSERT INTO TELS_CLI VALUES (3, 3204586896)

INSERT INTO CL_TIENE_TELS VALUES (1, 1);
INSERT INTO CL_TIENE_TELS VALUES (2, 1);
INSERT INTO CL_TIENE_TELS VALUES (2, 2);
INSERT INTO CL_TIENE_TELS VALUES (3, 2)

SELECT * FROM TELS_CLI
SELECT * FROM CL_TIENE_TELS

--Directorio PROVEEDOR (es diferente a los dos anteriores)

INSERT INTO TELS_PROV VALUES (1, 1, 3115255343);
INSERT INTO TELS_PROV VALUES (2, 2, 3143939292);
INSERT INTO TELS_PROV VALUES (3, 3, 3204586896)
INSERT INTO TELS_PROV VALUES (4, 3, 3204586897)


SELECT * FROM TELS_PROV

--Prueba de datos CONTRATO

INSERT INTO CONTRATO VALUES (1, 9, 1022982305, 'Ed. Lausana', 2579366, 3143939292, 'Definido', 
'10-06-2013', 'Vigilantes', 10, 10000000, '08:00 AM - 08:00 PM', 5, '06-06-2013');
INSERT INTO CONTRATO VALUES (2, 9, 1022982305, 'Hotel Tequendama', 2579366, 3143939292, 'Indefinido', 
'10-06-2013', 'Vigilantes', 10, 10000000, '08:00 AM - 08:00 PM', 5, '06-06-2013')

SELECT * FROM CONTRATO

--Prueba de datos IMPL_SEGURIDAD

INSERT INTO IMPL_SEGURIDAD VALUES (1, 1022982308, 1022982308, 'Bolillo', 150000, 30, 'Color: cafe, Tamaño: 70cm', 'OPTIMO', '06-06-2013');
INSERT INTO IMPL_SEGURIDAD VALUES (2, 1, 1022982308, 'Revolver', 250000, 20, 'Color: negro, Tamaño: 30cm', 'Optimo', '06-06-2013')

SELECT * FROM IMPL_SEGURIDAD

--Prueba de datos ASIGNACION_C

INSERT INTO ASIGNACION_C VALUES (1, 1, 1022982304, 1022982300, '06-06-2013', '02:00 AM - 08:00 AM');
INSERT INTO ASIGNACION_C VALUES (2, 1, 1022982304, 1022982300, '06-06-2013', '02:00 AM - 08:00 AM')

SELECT * FROM ASIGNACION_C

--Prueba de datos ASIG_IMPL

INSERT INTO ASIG_IMPL VALUES (1, 2, 1022982300, 1022982308, 1, 1, '06-06-2013')
INSERT INTO ASIG_IMPL VALUES (2, 2, 1022982300, 1022982308, 1, 1, '06-06-2013')

SELECT * FROM ASIG_IMPL

--Prueba de datos ACTU_IMPL

INSERT INTO ACTU_IMPL VALUES (1, 2, 1022982308, '06-06-2013', 5, 'Agregar datos');
INSERT INTO ACTU_IMPL VALUES (2, 1, 1022982308, '07-06-2013', 10, 'Agregar datos')

SELECT * FROM ACTU_IMPL

--Prueba de datos COMUNICADO

INSERT INTO COMUNICADO VALUES (1, 1022982300, 1022982309, 'Reclamo', '06-06-2013', 'Comunicado', 0, 'Respuesta');
INSERT INTO COMUNICADO VALUES (2, 1022982300, 1022982309, 'Reclamo', '06-06-2013', 'Queja', 1, NULL)

SELECT * FROM COMUNICADO

--Prueba de datos ACTUALIZACION

INSERT INTO ACTUALIZACION VALUES (1022982307, 1022982306, '06-06-2013')

SELECT * FROM ACTUALIZACION

--Prueba de datos BITACORA_SEG

INSERT INTO BITACORA_SEG VALUES (1, 1022982306, '06-06-2013', 'usuario1', 'maquina1', 'tabla1', 'insert');
INSERT INTO BITACORA_SEG VALUES (2, 1022982306, '06-06-2013', 'usuario1', 'maquina1', 'tabla1', 'delete')

SELECT * FROM BITACORA_SEG